Session	Date	Start Time	End Time	Location	Presentation Order	PID-old	PID	Title	Author	Session Title	Oral(pref)	Track	Category	Length
Session 2	2023-12-08	11:00	11:15	East	1	1793	1793	Cross-Document Event Coreference Resolution on Discourse Structure	"Xinyu Chen,Sheng Xu,PEIFENG LI,Qiaoming Zhu"	Information Extraction 1	In Person	Information Extraction 1	Main-Oral	Long
Session 2	2023-12-08	11:15	11:30	East	2	2596	2596	Anaphor Assisted Document-Level Relation Extraction	"Chonggang Lu,Richong Zhang,Kai Sun,Jaein Kim,Cunwang Zhang,Yongyi Mao"	Information Extraction 1	In Person	Information Extraction 1	Main-Oral	Long
Session 2	2023-12-08	11:30	11:45	East	3	3306	3306	RAPL: A Relation-Aware Prototype Learning Approach for Few-Shot Document-Level Relation Extraction	"Shiao Meng,Xuming Hu,Aiwei Liu,Shuang Li,Fukun Ma,Yawen Yang,Lijie Wen"	Information Extraction 1	In Person	Information Extraction 1	Main-Oral	Long
Session 2	2023-12-08	11:45	12:00	East	4	3546	3546	Guideline Learning for In-Context Information Extraction	"Chaoxu Pang,Yixuan Cao,Qiang Ding,Ping Luo"	Information Extraction 1	In Person	Information Extraction 1	Main-Oral	Long
Session 2	2023-12-08	12:00	12:15	East	5	5016	5016	Preserving Knowledge Invariance: Rethinking Robustness Evaluation of Open Information Extraction	"Ji Qi,Chuchun Zhang,Xiaozhi Wang,Kaisheng Zeng,Jifan Yu,Jinxin Liu,Lei Hou,Juanzi Li,Xu Bin"	Information Extraction 1	In Person	Information Extraction 1	Main-Oral	Long
Session 2	2023-12-08	12:15	12:30	East	6	5175	5175	Instruct and Extract: Instruction Tuning for On-Demand Information Extraction	"Yizhu Jiao,Ming Zhong,Sha Li,Ruining Zhao,Siru Ouyang,Heng Ji,Jiawei Han"	Information Extraction 1	In Person	Information Extraction 1	Main-Oral	Long
Session 2	2023-12-08	11:00	11:15	West 1	1	25	25	Multilingual Pixel Representations for Translation and Effective Cross-lingual Transfer	"Elizabeth Salesky,Neha Verma,Philipp Koehn,Matt Post"	Machine Translation	In Person	Machine Translation	Main-Oral	Long
Session 2	2023-12-08	11:15	11:30	West 1	2	677	677	Non-autoregressive Streaming Transformer for Simultaneous Translation	"Zhengrui Ma,Shaolei Zhang,Shoutao Guo,Chenze Shao,Min Zhang,Yang Feng"	Machine Translation	In Person	Machine Translation	Main-Oral	Long
Session 2	2023-12-08	11:30	11:45	West 1	3	2782	2782	"IMTLab: An Open-Source Platform for Building, Evaluating, and Diagnosing Interactive Machine Translation Systems"	"Xu Huang,Zhirui Zhang,Ruize Gao,Yichao Du,Lemao Liu,Guoping Huang,Shuming Shi,Jiajun Chen,Shujian Huang"	Machine Translation	In Person	Machine Translation	Main-Oral	Long
Session 2	2023-12-08	11:45	12:00	West 1	4	4034	4034	Integrating Language Models into Direct Speech Translation: An Inference-Time Solution to Control Gender Inflection	"Dennis Fucci,Marco Gaido,Sara Papi,Mauro Cettolo,Matteo Negri,Luisa Bentivogli"	Machine Translation	Virtually	Machine Translation	Main-Oral	Long
Session 2	2023-12-08	12:00	12:15	West 1	5	4715	4715	Crossing the Threshold: Idiomatic Machine Translation through Retrieval Augmentation and Loss Weighting	"Emmy Liu,Aditi Chaudhary,Graham Neubig"	Machine Translation	In Person	Machine Translation	Main-Oral	Long
Session 2	2023-12-08	12:15	12:30	West 1	6	TACL 4269	TACL-4269	Understanding and Detecting Hallucinations in Neural Machine Translation via Model Introspection	"Weijia Xu, Sweta Agrawal, Eleftheria Briakou, Marianna Martindale, Marine Carpuat"	Machine Translation	In Person	Machine Translation	Main-Oral	Long
Session 2	2023-12-08	11:00	11:15	West 2	1	1028	1028	Towards Interpretable Mental Health Analysis with Large Language Models	"Kailai Yang,Shaoxiong Ji,Tianlin Zhang,Qianqian Xie,Ziyan Kuang,Sophia Ananiadou"	Computational Social Science and Cultural Analytics	In Person	Computational Social Science and Cultural Analytics	Main-Oral	Long
Session 2	2023-12-08	11:15	11:30	West 2	2	1285	1285	"A Diachronic Analysis of Paradigm Shifts in NLP Research: When, How, and Why?"	"Aniket Pramanick,Yufang Hou,Saif M. Mohammad,Iryna Gurevych"	Computational Social Science and Cultural Analytics	In Person	Computational Social Science and Cultural Analytics	Main-Oral	Long
Session 2	2023-12-08	11:30	11:45	West 2	3	2245	2245	The Skipped Beat: A Study of Sociopragmatic Understanding in LLMs for 64 Languages	"Chiyu Zhang,Khai Duy Doan,Qisheng Liao,Muhammad Abdul-Mageed"	Computational Social Science and Cultural Analytics	In Person	Computational Social Science and Cultural Analytics	Main-Oral	Long
Session 2	2023-12-08	11:45	12:00	West 2	4	2962	2962	Rumor Detection on Social Media with Crowd Intelligence and ChatGPT-Assisted Networks	"Chang Yang,Peng Zhang,Wenbo Qiao,Hui Gao,JiaMing Zhao"	Computational Social Science and Cultural Analytics	Virtually	Computational Social Science and Cultural Analytics	Main-Oral	Long
Session 2	2023-12-08	12:00	12:15	West 2	5	5403	5403	Cultural Concept Adaptation on Multimodal Reasoning	"Zhi Li,Yin Zhang"	Computational Social Science and Cultural Analytics	In Person	Computational Social Science and Cultural Analytics	Main-Oral	Long
Session 2	2023-12-08	12:15	12:30	West 2	6	ARR 8	ARR-8	Reformulating NLP tasks to Capture Longitudinal Manifestation of Language Disorders in People with Dementia.	"Dimitris Gkoumas,Matthew Purver,Maria Liakata"	Computational Social Science and Cultural Analytics	In Person	Computational Social Science and Cultural Analytics	Main-Oral	Long
Session 2	2023-12-08	11:00	11:15	West 3	1	396	396	Learning Retrieval Augmentation for Personalized Dialogue Generation	"Qiushi Huang,Shuai Fu,Xubo Liu,Wenwu Wang,Tom Ko,Yu Zhang,Lilian Tang"	Dialogue and Interactive Systems 1	In Person	Dialogue and Interactive Systems 1	Main-Oral	Long
Session 2	2023-12-08	11:15	11:30	West 3	2	1262	1262	Prompt-Based Monte-Carlo Tree Search for Goal-oriented Dialogue Policy Planning	"Xiao Yu,Maximillian Chen,Zhou Yu"	Dialogue and Interactive Systems 1	In Person	Dialogue and Interactive Systems 1	Main-Oral	Long
Session 2	2023-12-08	11:30	11:45	West 3	3	1312	1312	MADNet: Maximizing Addressee Deduction Expectation for Multi-Party Conversation Generation	"Jia-Chen Gu,Chao-Hong Tan,Caiyuan Chu,Zhen-Hua Ling,Chongyang Tao,Quan Liu,Cong Liu"	Dialogue and Interactive Systems 1	In Person	Dialogue and Interactive Systems 1	Main-Oral	Long
Session 2	2023-12-08	11:45	12:00	West 3	4	1396	1396	SODA: Million-scale Dialogue Distillation with Social Commonsense Contextualization	"Hyunwoo Kim,Jack Hessel,Liwei Jiang,Peter West,Ximing Lu,Youngjae Yu,Pei Zhou,Ronan Le Bras,Malihe Alikhani,Gunhee Kim,Maarten Sap,Yejin Choi"	Dialogue and Interactive Systems 1	In Person	Dialogue and Interactive Systems 1	Main-Oral	Long
Session 2	2023-12-08	12:00	12:15	West 3	5	1573	1573	Conversation Chronicles: Towards Diverse Temporal and Relational Dynamics in Multi-Session Conversations	"Jihyoung Jang,MinSeong Boo,Hyounghun Kim"	Dialogue and Interactive Systems 1	In Person	Dialogue and Interactive Systems 1	Main-Oral	Long
Session 2	2023-12-08	12:15	12:30	West 3	6	1915	1915	Enhancing Code-Switching for Cross-lingual SLU: A Unified View of Semantic and Grammatical Coherence	"Zhihong Zhu,Xuxin Cheng,Zhiqi Huang,Dongsheng Chen,Yuexian Zou"	Dialogue and Interactive Systems 1	In Person	Dialogue and Interactive Systems 1	Main-Oral	Long
Session 3	2023-12-08	14:00	14:15	East	1	664	664	COHESENTIA: A Novel Benchmark of Incremental versus Holistic Assessment of Coherence in Generated Texts	"Aviya Maimon,Reut Tsarfaty"	Discourse and Pragmatics	In Person	Discourse and Pragmatics	Main-Oral	Long
Session 3	2023-12-08	14:15	14:30	East	2	927	927	Improving Long Document Topic Segmentation Models With Enhanced Coherence Modeling	"Hai Yu,Chong Deng,Qinglin Zhang,Jiaqing Liu,Qian Chen,Wen Wang"	Discourse and Pragmatics	In Person	Discourse and Pragmatics	Main-Oral	Long
Session 3	2023-12-08	14:30	14:45	East	3	1461	1461	Improving Dialogue Discourse Parsing via Reply-to Structures of Addressee Recognition	"Yaxin FAN,Feng Jiang,PEIFENG LI,Fang Kong,Qiaoming Zhu"	Discourse and Pragmatics	In Person	Discourse and Pragmatics	Main-Oral	Long
Session 3	2023-12-08	14:45	15:00	East	4	2206	2206	QUDeval: The Evaluation of Questions Under Discussion Discourse Parsing	"Yating Wu,Ritika Rajesh Mangla,Greg Durrett,Junyi Jessy Li"	Discourse and Pragmatics	In Person	Discourse and Pragmatics	Main-Oral	Long
Session 3	2023-12-08	15:00	15:15	East	5	4382	4382	Seq2seq is All You Need for Coreference Resolution	"Wenzheng Zhang,Sam Wiseman,Karl Stratos"	Discourse and Pragmatics	In Person	Discourse and Pragmatics	Main-Oral	Long
Session 3	2023-12-08	15:15	15:30	East	6	5725	5725	Prompt-based Logical Semantics Enhancement for Implicit Discourse Relation Recognition	"Chenxu Wang,Ping Jian,Mu Huang"	Discourse and Pragmatics	In Person	Discourse and Pragmatics	Main-Oral	Long
Session 3	2023-12-08	14:00	14:15	Central  1	1	222	222	Vera: A General-Purpose Plausibility Estimation Model for Commonsense Statements	"Jiacheng Liu,Wenya Wang,Dianzhuo Wang,Noah A. Smith,Yejin Choi,Hannaneh Hajishirzi"	Commonsense Reasoning	In Person	Commonsense Reasoning	Main-Oral	Long
Session 3	2023-12-08	14:15	14:30	Central  1	2	224	224	Crystal: Introspective Reasoners Reinforced with Self-Feedback	"Jiacheng Liu,Ramakanth Pasunuru,Hannaneh Hajishirzi,Yejin Choi,Asli Celikyilmaz"	Commonsense Reasoning	In Person	Commonsense Reasoning	Main-Oral	Long
Session 3	2023-12-08	14:30	14:45	Central  1	3	3523	3523	CRoW: Benchmarking Commonsense Reasoning in Real-World Tasks	"Mete Ismayilzada,Debjit Paul,Syrielle Montariol,Mor Geva,Antoine Bosselut"	Commonsense Reasoning	In Person	Commonsense Reasoning	Main-Oral	Long
Session 3	2023-12-08	14:45	15:00	Central  1	4	3572	3572	DialCoT Meets PPO: Decomposing and Exploring Reasoning Paths in Smaller Language Models	"Chengcheng Han,Xiaowei Du,Che Zhang,Yixin Lian,Xiang Li,Ming Gao,Baoyuan Wang"	Commonsense Reasoning	In Person	Commonsense Reasoning	Main-Oral	Long
Session 3	2023-12-08	15:00	15:15	Central  1	5	4269	4269	GD-COMET: A Geo-Diverse Commonsense Inference Model	"Mehar Bhatia,Vered Shwartz"	Commonsense Reasoning	Virtually	Commonsense Reasoning	Main-Oral	Long
Session 3	2023-12-08	15:15	15:30	Central  1	6	4277	4277	Large Language Models Can Self-Improve	"Jiaxin Huang,Shixiang Shane Gu,Le Hou,Yuexin Wu,Xuezhi Wang,Hongkun Yu,Jiawei Han"	Commonsense Reasoning	In Person	Commonsense Reasoning	Main-Oral	Long
Session 3	2023-12-08	14:00	14:15	Central 3	1	623	623	Learning to Predict Task Transferability via Soft Prompt	Lingyun Feng	Efficient Methods for NLP 1	In Person	Efficient Methods for NLP 1	Main-Oral	Long
Session 3	2023-12-08	14:15	14:30	Central 3	2	1419	1419	Byte Pair Encoding for Symbolic Music	"Nathan Fradet,Nicolas Gutowski,Fabien Chhel,Jean-Pierre Briot"	Efficient Methods for NLP 1	In Person	Efficient Methods for NLP 1	Main-Oral	Long
Session 3	2023-12-08	14:30	14:45	Central 3	3	3695	3695	Understanding the Effect of Model Compression on Social Bias in Large Language Models	"Gustavo Gonçalves,Emma Strubell"	Efficient Methods for NLP 1	Virtually	Efficient Methods for NLP 1	Main-Oral	Long
Session 3	2023-12-08	14:45	15:00	Central 3	4	3813	3813	Knowledge Distillation ≈ Label Smoothing: Fact or Fallacy?	Md Arafat Sultan	Efficient Methods for NLP 1	Virtually	Efficient Methods for NLP 1	Main-Oral	Long
Session 3	2023-12-08	15:00	15:15	Central 3	5	4107	4107	The Framework Tax: Disparities Between Inference Efficiency in NLP Research and Deployment	"Jared Fernandez,Jacob Kahn,Clara Na,Yonatan Bisk,Emma Strubell"	Efficient Methods for NLP 1	In Person	Efficient Methods for NLP 1	Main-Oral	Long
Session 3	2023-12-08	15:15	15:30	Central 3	6	5189	5189	Making Large Language Models Better Data Creators	"Dong-Ho Lee,Jay Pujara,Mohit Sewak,Ryen W White,Sujay Kumar Jauhar"	Efficient Methods for NLP 1	In Person	Efficient Methods for NLP 1	Main-Oral	Long
Session 3	2023-12-08	14:00	14:15	West 1	1	400	400	TrojanSQL: SQL Injection against Natural Language Interface to Database	"Jinchuan Zhang,Yan Zhou,Binyuan Hui,Yaxin Liu,Ziming Li,Songlin Hu"	Ethics in NLP	In Person	Ethics in NLP	Main-Oral	Long
Session 3	2023-12-08	14:15	14:30	West 1	2	441	441	ToViLaG: Your Visual-Language Generative Model is Also An Evildoer	"Xinpeng Wang,Xiaoyuan Yi,Han Jiang,Shanlin Zhou,Zhihua Wei,Xing Xie"	Ethics in NLP	In Person	Ethics in NLP	Main-Oral	Long
Session 3	2023-12-08	14:30	14:45	West 1	3	1066	1066	ROBBIE: Robust Bias Evaluation of Large Generative Language Models	"David Esiobu,Xiaoqing Tan,Saghar Hosseini,Megan Ung,Yuchen Zhang,Jude Fernandes,Jane Dwivedi-Yu,Eleonora Presani,Adina Williams,Eric Michael Smith"	Ethics in NLP	In Person	Ethics in NLP	Main-Oral	Long
Session 3	2023-12-08	14:45	15:00	West 1	4	3725	3725	We are Who We Cite: Bridges of Influence Between Natural Language Processing and Other Academic Fields	"Jan Philip Wahle,Terry Ruas,Mohamed Abdalla,Bela Gipp,Saif M. Mohammad"	Ethics in NLP	In Person	Ethics in NLP	Main-Oral	Long
Session 3	2023-12-08	15:00	15:15	West 1	5	4588	4588	Deciphering Stereotypes in Pre-Trained Language Models	"Weicheng Ma,Henry Scheible,Brian C Wang,Goutham Veeramachaneni,Pratim Chowdhary,Alan Sun,Andrew Koulogeorge,Lili Wang,Diyi Yang,Soroush Vosoughi"	Ethics in NLP	In Person	Ethics in NLP	Main-Oral	Long
Session 3	2023-12-08	15:15	15:30	West 1	6	5571	5571	Copyright Violations and Large Language Models	"Antonia Karamolegkou,Jiaang Li,Li Zhou,Anders Søgaard"	Ethics in NLP	In Person	Ethics in NLP	Main-Oral	Long
Session 3	2023-12-08	14:00	14:15	West 2	1	1370	1370	Cognate Transformer for Automated Phonological Reconstruction and Cognate Reflex Prediction	"V.S.D.S.Mahesh Akavarapu,Arnab Bhattacharya"	"Phonology, Morphology, and Word Segmentation"	In Person	"Phonology, Morphology, and Word Segmentation"	Main-Oral	Long
Session 3	2023-12-08	14:15	14:30	West 2	2	2194	2194	Understanding Compositional Data Augmentation in Typologically Diverse Morphological Inflection	"Farhan Samir,Miikka Silfverberg"	"Phonology, Morphology, and Word Segmentation"	In Person	"Phonology, Morphology, and Word Segmentation"	Main-Oral	Long
Session 3	2023-12-08	14:30	14:45	West 2	3	3217	3217	TopWORDS-Poetry: Simultaneous Text Segmentation and Word Discovery for Classical Chinese Poetry via Bayesian Inference	"Changzai Pan,Feiyue Li,Ke Deng"	"Phonology, Morphology, and Word Segmentation"	In Person	"Phonology, Morphology, and Word Segmentation"	Main-Oral	Long
Session 3	2023-12-08	14:45	15:00	West 2	4	3422	3422	Improved Unsupervised Chinese Word Segmentation Using Pre-trained Knowledge and Pseudo-labeling Transfer	"Hsiu-Wen Li,Ying-Jia Lin,Yi-Ting Li,Chun Yi Lin,Hung-Yu Kao"	"Phonology, Morphology, and Word Segmentation"	In Person	"Phonology, Morphology, and Word Segmentation"	Main-Oral	Long
Session 3	2023-12-08	15:00	15:15	West 2	5	4648	4648	Exploring Linguistic Probes for Morphological Inflection	"Jordan Kodner,Salam Khalifa,Sarah Ruth Brogden Payne"	"Phonology, Morphology, and Word Segmentation"	In Person	"Phonology, Morphology, and Word Segmentation"	Main-Oral	Long
Session 3	2023-12-08	15:15	15:30	West 2	6	CL 2336	CL-2336	On the Role of Morphological Information for Contextual Lemmatization	"Olia Toporkov, Rodrigo Agerri"	"Phonology, Morphology, and Word Segmentation"	In Person	"Phonology, Morphology, and Word Segmentation"	Main-Oral	Long
Session 3	2023-12-08	14:00	14:15	West 3	1	842	842	ViStruct: Visual Structural Knowledge Extraction via Curriculum Guided Code-Vision Representation	"Yangyi Chen,Xingyao Wang,Manling Li,Derek Hoiem,Heng Ji"	Information Extraction 2	In Person	Information Extraction 2	Main-Oral	Long
Session 3	2023-12-08	14:15	14:30	West 3	2	1730	1730	CorefPrompt: Prompt-based Event Coreference Resolution by Measuring Event Type and Argument Compatibilities	"Sheng Xu,PEIFENG LI,Qiaoming Zhu"	Information Extraction 2	In Person	Information Extraction 2	Main-Oral	Long
Session 3	2023-12-08	14:30	14:45	West 3	3	2310	2310	Continual Event Extraction with Semantic Confusion Rectification	"Zitao Wang,Xinyi Wang,Wei Hu"	Information Extraction 2	In Person	Information Extraction 2	Main-Oral	Long
Session 3	2023-12-08	14:45	15:00	West 3	4	3359	3359	CORE: A Few-Shot Company Relation Classification Dataset for Robust Domain Adaptation.	"Philipp Borchert,Jochen De Weerdt,Kristof Coussement,Arno De Caigny,Marie-Francine Moens"	Information Extraction 2	In Person	Information Extraction 2	Main-Oral	Long
Session 3	2023-12-08	15:00	15:15	West 3	5	4416	4416	SpEL: Structured Prediction for Entity Linking	"Hassan Shavarani,Anoop Sarkar"	Information Extraction 2	In Person	Information Extraction 2	Main-Oral	Long
Session 3	2023-12-08	15:15	15:30	West 3	6	ARR 89	ARR-89	TIMELINE: Exhaustive Annotation of Temporal Relations Supporting the Automatic Ordering of Events in News Articles	"Sarah Alsayyahi,Riza Batista-Navarro"	Information Extraction 2	Virtually	Information Extraction 2	Main-Oral	Long
Session 4	2023-12-08	16:00	16:15	East	1	60	60	Dissecting Recall of Factual Associations in Auto-Regressive Language Models	"Mor Geva,Jasmijn Bastings,Katja Filippova,Amir Globerson"	"Interpretability, Interactivity, and Analysis of Models for NLP 1"	In Person	"Interpretability, Interactivity, and Analysis of Models for NLP 1"	Main-Oral	Long
Session 4	2023-12-08	16:15	16:30	East	2	148	148	Interpreting Embedding Spaces by Conceptualization	"Adi Simhi,Shaul Markovitch"	"Interpretability, Interactivity, and Analysis of Models for NLP 1"	In Person	"Interpretability, Interactivity, and Analysis of Models for NLP 1"	Main-Oral	Long
Session 4	2023-12-08	16:30	16:45	East	3	901	901	Norm of Word Embedding Encodes Information Gain	"Momose Oyama,Sho Yokoi,Hidetoshi Shimodaira"	"Interpretability, Interactivity, and Analysis of Models for NLP 1"	In Person	"Interpretability, Interactivity, and Analysis of Models for NLP 1"	Main-Oral	Long
Session 4	2023-12-08	16:45	17:00	East	4	1489	1489	Assessing Step-by-Step Reasoning against Lexical Negation: A Case Study on Syllogism	"Mengyu Ye,Tatsuki Kuribayashi,Jun Suzuki,Goro Kobayashi,Hiroaki Funayama"	"Interpretability, Interactivity, and Analysis of Models for NLP 1"	In Person	"Interpretability, Interactivity, and Analysis of Models for NLP 1"	Main-Oral	Long
Session 4	2023-12-08	17:00	17:15	East	5	1568	1568	Can LLMs Facilitate Interpretation of Pre-trained Language Models?	"Basel Mousi,Nadir Durrani,Fahim Dalvi"	"Interpretability, Interactivity, and Analysis of Models for NLP 1"	In Person	"Interpretability, Interactivity, and Analysis of Models for NLP 1"	Main-Oral	Long
Session 4	2023-12-08	17:15	17:30	East	6	1823	1823	Can You Follow Me? Testing Situational Understanding for ChatGPT	"Chenghao Yang,Allyson Ettinger"	"Interpretability, Interactivity, and Analysis of Models for NLP 1"	Virtually	"Interpretability, Interactivity, and Analysis of Models for NLP 1"	Main-Oral	Long
Session 4	2023-12-08	16:00	16:15	Central  1	1	1214	1214	Models See Hallucinations: Evaluating the Factuality in Video Captioning	"Hui Liu,Xiaojun Wan"	"Language Grounding to Vision, Robotics and Beyond"	In Person	"Language Grounding to Vision, Robotics and Beyond"	Main-Oral	Long
Session 4	2023-12-08	16:15	16:30	Central  1	2	1456	1456	Describe Me an Auklet: Generating Grounded Perceptual Category Descriptions	"Bill Noble,Nikolai Ilinykh"	"Language Grounding to Vision, Robotics and Beyond"	In Person	"Language Grounding to Vision, Robotics and Beyond"	Main-Oral	Long
Session 4	2023-12-08	16:30	16:45	Central  1	3	1846	1846	"Reading Books is Great, But Not if You Are Driving! Visually Grounded Reasoning about Defeasible Commonsense Norms"	"Seungju Han,Junhyeok Kim,Jack Hessel,Liwei Jiang,Jiwan Chung,Yejin Son,Yejin Choi,Youngjae Yu"	"Language Grounding to Vision, Robotics and Beyond"	In Person	"Language Grounding to Vision, Robotics and Beyond"	Main-Oral	Long
Session 4	2023-12-08	16:45	17:00	Central  1	4	2129	2129	Bridging the Digital Divide: Performance Variation across Socio-Economic Factors in Vision-Language Models	"Joan Nwatu,Oana Ignat,Rada Mihalcea"	"Language Grounding to Vision, Robotics and Beyond"	In Person	"Language Grounding to Vision, Robotics and Beyond"	Main-Oral	Long
Session 4	2023-12-08	17:00	17:15	Central  1	5	4958	4958	3DRP-Net: 3D Relative Position-aware Network for 3D Visual Grounding	"Zehan Wang,Haifeng Huang,Yang Zhao,Linjun Li,Xize Cheng,Yichen Zhu,Aoxiong Yin,Zhou Zhao"	"Language Grounding to Vision, Robotics and Beyond"	Virtually	"Language Grounding to Vision, Robotics and Beyond"	Main-Oral	Long
Session 4	2023-12-08	17:15	17:30	Central  1	6	4977	4977	Localizing Active Objects from Egocentric Vision with Symbolic World Knowledge	"Te-Lin Wu,Yu Zhou,Nanyun Peng"	"Language Grounding to Vision, Robotics and Beyond"	In Person	"Language Grounding to Vision, Robotics and Beyond"	Main-Oral	Long
Session 4	2023-12-08	16:00	16:15	Central 3	1	144	144	FActScore: Fine-grained Atomic Evaluation of Factual Precision in Long Form Text Generation	"Sewon Min,Kalpesh Krishna,Xinxi Lyu,Mike Lewis,Scott Yih,Pang Wei Koh,Mohit Iyyer,Luke Zettlemoyer,Hannaneh Hajishirzi"	Language Modeling and Analysis of Language Models 1	In Person	Language Modeling and Analysis of Language Models 1	Main-Oral	Long
Session 4	2023-12-08	16:15	16:30	Central 3	2	518	518	ViSoBERT: A Pre-Trained Language Model for Vietnamese Social Media Text Processing	"Nam Quoc Nguyen,Thang Chau Phan,Duc-Vu Nguyen,Kiet Van Nguyen"	Language Modeling and Analysis of Language Models 1	In Person	Language Modeling and Analysis of Language Models 1	Main-Oral	Long
Session 4	2023-12-08	16:30	16:45	Central 3	3	809	809	Navigating the Grey Area: How Expressions of Uncertainty and Overconfidence Affect Language Models	"Kaitlyn Zhou,Dan Jurafsky,Tatsunori Hashimoto"	Language Modeling and Analysis of Language Models 1	In Person	Language Modeling and Analysis of Language Models 1	Main-Oral	Long
Session 4	2023-12-08	16:45	17:00	Central 3	4	851	851	CodeT5+: Open Code Large Language Models for Code Understanding and Generation	"Yue Wang,Hung Le,Akhilesh Deepak Gotmare,Nghi D. Q. Bui,Junnan Li,Steven Hoi"	Language Modeling and Analysis of Language Models 1	In Person	Language Modeling and Analysis of Language Models 1	Main-Oral	Long
Session 4	2023-12-08	17:00	17:15	Central 3	5	2169	2169	MAGNIFICo: Evaluating the In-Context Learning Ability of Large Language Models to Generalize to Novel Interpretations	"Arkil Patel,Satwik Bhattamishra,Siva Reddy,Dzmitry Bahdanau"	Language Modeling and Analysis of Language Models 1	In Person	Language Modeling and Analysis of Language Models 1	Main-Oral	Long
Session 4	2023-12-08	17:15	17:30	Central 3	6	3049	3049	CombLM: Adapting Black-Box Language Models through Small Fine-Tuned Models	"Aitor Ormazabal,Mikel Artetxe,Eneko Agirre"	Language Modeling and Analysis of Language Models 1	Virtually	Language Modeling and Analysis of Language Models 1	Main-Oral	Long
Session 4	2023-12-08	16:00	16:15	West 1	1	132	132	Hybrid Inverted Index Is a Robust Accelerator for Dense Retrieval	"Peitian Zhang,Zheng Liu,Shitao Xiao,Zhicheng Dou,Jing Yao"	Information Retrieval and Text Mining	In Person	Information Retrieval and Text Mining	Main-Oral	Long
Session 4	2023-12-08	16:15	16:30	West 1	2	758	758	Robust Prompt Optimization for Large Language Models Against Distribution Shifts	"Moxin Li,Wenjie Wang,Fuli Feng,Yixin Cao,Jizhi Zhang,Tat-Seng Chua"	Information Retrieval and Text Mining	In Person	Information Retrieval and Text Mining	Main-Oral	Long
Session 4	2023-12-08	16:30	16:45	West 1	3	1453	1453	WSDMS: Debunk Fake News via Weakly Supervised Detection of Misinforming Sentences with Contextualized Social Wisdom	"Ruichao Yang,Wei Gao,Jing Ma,Hongzhan Lin,Zhiwei Yang"	Information Retrieval and Text Mining	In Person	Information Retrieval and Text Mining	Main-Oral	Long
Session 4	2023-12-08	16:45	17:00	West 1	4	2702	2702	Learning to Describe for Predicting Zero-shot Drug-Drug Interactions	"Fangqi Zhu,Yongqi Zhang,Lei Chen,Bing Qin,Ruifeng Xu"	Information Retrieval and Text Mining	In Person	Information Retrieval and Text Mining	Main-Oral	Long
Session 4	2023-12-08	17:00	17:15	West 1	5	3543	3543	Is ChatGPT Good at Search? Investigating Large Language Models as Re-Ranking Agents	"Weiwei Sun,Lingyong Yan,Xinyu Ma,Shuaiqiang Wang,Pengjie Ren,Zhumin Chen,Dawei Yin,Zhaochun Ren"	Information Retrieval and Text Mining	In Person	Information Retrieval and Text Mining	Main-Oral	Long
Session 4	2023-12-08	17:15	17:30	West 1	6	4273	4273	Goal-Driven Explainable Clustering via Language Descriptions	"Zihan Wang,Jingbo Shang,Ruiqi Zhong"	Information Retrieval and Text Mining	Virtually	Information Retrieval and Text Mining	Main-Oral	Long
Session 4	2023-12-08	16:00	16:15	West 2	1	3278	3278	Information Value: Measuring Utterance Predictability as Distance from Plausible Alternatives	"Mario Giulianelli,Sarenne Wallbridge,Raquel Fernández"	"Linguistic Theories, Cognitive Modeling and Psycholinguistics"	In Person	"Linguistic Theories, Cognitive Modeling and Psycholinguistics"	Main-Oral	Long
Session 4	2023-12-08	16:15	16:30	West 2	2	3298	3298	Addressing Linguistic Bias through a Contrastive Analysis of Academic Writing in the NLP Domain	"Robert Ridley,Zhen Wu,Jianbing Zhang,Shujian Huang,Xinyu Dai"	"Linguistic Theories, Cognitive Modeling and Psycholinguistics"	In Person	"Linguistic Theories, Cognitive Modeling and Psycholinguistics"	Main-Oral	Long
Session 4	2023-12-08	16:30	16:45	West 2	3	4037	4037	The neural dynamics of word recognition and integration	"Jon Gauthier,Roger P. Levy"	"Linguistic Theories, Cognitive Modeling and Psycholinguistics"	Virtually	"Linguistic Theories, Cognitive Modeling and Psycholinguistics"	Main-Oral	Long
Session 4	2023-12-08	16:45	17:00	West 2	4	4831	4831	Quantifying the redundancy between prosody and text	"Lukas Wolf,Tamar I Regev,Ethan Wilcox,Alex Warstadt,Eghbal A. Hosseini,Tiago Pimentel,Ryan Cotterell,Evelina Fedorenko"	"Linguistic Theories, Cognitive Modeling and Psycholinguistics"	In Person	"Linguistic Theories, Cognitive Modeling and Psycholinguistics"	Main-Oral	Long
Session 4	2023-12-08	17:00	17:15	West 2	5	ARR 1	ARR-1	Interpreting and Exploiting Functional Specialization in Multi-Head Attention under Multi-task Learning	"Chong Li,Shaonan Wang,Yunhao Zhang,Jiajun Zhang,Chengqing Zong"	"Linguistic Theories, Cognitive Modeling and Psycholinguistics"	In Person	"Linguistic Theories, Cognitive Modeling and Psycholinguistics"	Main-Oral	Long
Session 4	2023-12-08	17:15	17:30	West 2	6	ARR 66	ARR-66	Assessing the influence of attractor-verb distance on grammatical agreement in humans and language models	"Christos Nikolaos Zacharopoulos,Théo Desbordes,Mathias Sablé-Meyer"	"Linguistic Theories, Cognitive Modeling and Psycholinguistics"	In Person	"Linguistic Theories, Cognitive Modeling and Psycholinguistics"	Main-Oral	Long
Session 4	2023-12-08	16:00	16:15	West 3	1	2607	2607	Just Adjust One Prompt: Enhancing In-Context Dialogue Scoring via Constructing the Optimal Subgraph of Demonstrations and Prompts	"Jiashu Pu,ling Cheng,Lu Fan,Tangjie Lv,Rongsheng Zhang"	Dialogue and Interactive Systems 2	In Person	Dialogue and Interactive Systems 2	Main-Oral	Long
Session 4	2023-12-08	16:15	16:30	West 3	2	4020	4020	An Integrative Survey on Mental Health Conversational Agents to Bridge Computer Science and Medical Perspectives	"Young Min Cho,Sunny Rai,Lyle Ungar,João Sedoc,Sharath Chandra Guntuku"	Dialogue and Interactive Systems 2	In Person	Dialogue and Interactive Systems 2	Main-Oral	Long
Session 4	2023-12-08	16:30	16:45	West 3	3	4137	4137	From Multilingual Complexity to Emotional Clarity: Leveraging Commonsense to Unveil Emotions in Code-Mixed Dialogues	"Shivani Kumar,Ramaneswaran S,Md Shad Akhtar,Tanmoy Chakraborty"	Dialogue and Interactive Systems 2	In Person	Dialogue and Interactive Systems 2	Main-Oral	Long
Session 4	2023-12-08	16:45	17:00	West 3	4	5279	5279	e-THERAPIST: I suggest you to cultivate a mindset of positivity and nurture uplifting thoughts	"Kshitij Mishra,Priyanshu Priya,Manisha Burja,Asif Ekbal"	Dialogue and Interactive Systems 2	In Person	Dialogue and Interactive Systems 2	Main-Oral	Long
Session 4	2023-12-08	17:00	17:15	West 3	5	5864	5864	ReSee: Responding through Seeing Fine-grained Visual Knowledge in Open-domain Dialogue	"Haoqin Tu,Yitong Li,Fei Mi,Zhongliang Yang"	Dialogue and Interactive Systems 2	Virtually	Dialogue and Interactive Systems 2	Main-Oral	Long
Session 4	2023-12-08	17:15	17:30	West 3	6	ARR 42	ARR-42	PK-ICR: Persona-Knowledge Interactive Multi-Context Retrieval for Grounded Dialogue	"Minsik Oh,Joosung Lee,Jiwei Li,Guoyin Wang"	Dialogue and Interactive Systems 2	In Person	Dialogue and Interactive Systems 2	Main-Oral	Long
Session 5	2023-12-09	9:00	9:15	East	1	549	549	BasahaCorpus: An Expanded Linguistic Resource for Readability Assessment in Central Philippine Languages	"Joseph Marvin Imperial,Ekaterina Kochmar"	Multilinguality and Linguistic Diversity 1	In Person	Multilinguality and Linguistic Diversity 1	Main-Oral	Long
Session 5	2023-12-09	9:15	9:30	East	2	1078	1078	Translating away Translationese without Parallel Data	"Rricha Jalota,Koel Dutta Chowdhury,Cristina España-Bonet,Josef van Genabith"	Multilinguality and Linguistic Diversity 1	In Person	Multilinguality and Linguistic Diversity 1	Main-Oral	Long
Session 5	2023-12-09	9:30	9:45	East	3	1575	1575	Automatic Transcription of Handwritten Old Occitan Language	"Esteban Garces Arias,Vallari Pai,Matthias Schöffel,Christian Heumann,Matthias Aßenmacher"	Multilinguality and Linguistic Diversity 1	In Person	Multilinguality and Linguistic Diversity 1	Main-Oral	Long
Session 5	2023-12-09	9:45	10:00	East	4	1901	1901	Don’t Trust ChatGPT when your Question is not in English: A Study of Multilingual Abilities and Types of LLMs	"Xiang Zhang,Senyu Li,Bradley Hauer,Ning Shi,Grzegorz Kondrak"	Multilinguality and Linguistic Diversity 1	In Person	Multilinguality and Linguistic Diversity 1	Main-Oral	Long
Session 5	2023-12-09	10:00	10:15	East	5	2090	2090	Revisiting Machine Translation for Cross-lingual Classification	"Mikel Artetxe,Vedanuj Goswami,Shruti Bhosale,Angela Fan,Luke Zettlemoyer"	Multilinguality and Linguistic Diversity 1	In Person	Multilinguality and Linguistic Diversity 1	Main-Oral	Long
Session 5	2023-12-09	10:15	10:30	East	6	2295	2295	Language Representation Projection: Can We Transfer Factual Knowledge across Languages in Multilingual Language Models?	"Shaoyang Xu,Junzhuo Li,Deyi Xiong"	Multilinguality and Linguistic Diversity 1	Virtually	Multilinguality and Linguistic Diversity 1	Main-Oral	Long
Session 5	2023-12-09	9:00	9:15	Central  1	1	911	911	Structure-aware Knowledge Graph-to-text Generation with Planning Selection and Similarity Distinction	"Feng Zhao,Hongzhi Zou,Cheng Yan"	Natural Language Generation 1	In Person	Natural Language Generation 1	Main-Oral	Long
Session 5	2023-12-09	9:15	9:30	Central  1	2	1463	1463	Granularity Matters: Pathological Graph-driven Cross-modal Alignment for Brain CT Report Generation	"Yanzhao Shi,Junzhong Ji,Xiaodan Zhang,Liangqiong Qu,Ying Liu"	Natural Language Generation 1	In Person	Natural Language Generation 1	Main-Oral	Long
Session 5	2023-12-09	9:30	9:45	Central  1	3	2518	2518	Improving Image Captioning via Predicting Structured Concepts	"Ting Wang,Weidong Chen,Yuanhe Tian,Yan Song,Zhendong Mao"	Natural Language Generation 1	In Person	Natural Language Generation 1	Main-Oral	Long
Session 5	2023-12-09	9:45	10:00	Central  1	4	4394	4394	CodeFusion: A Pre-trained Diffusion Model for Code Generation	"Mukul Singh,José Cambronero,Sumit Gulwani,Vu Le,Carina Suzana Negreanu,Gust Verbruggen"	Natural Language Generation 1	In Person	Natural Language Generation 1	Main-Oral	Long
Session 5	2023-12-09	10:00	10:15	Central  1	5	5209	5209	Look-back Decoding for Open-Ended Text Generation	"Nan Xu,Chunting Zhou,Asli Celikyilmaz,Xuezhe Ma"	Natural Language Generation 1	Virtually	Natural Language Generation 1	Main-Oral	Long
Session 5	2023-12-09	10:15	10:30	Central  1	6	CL 2219	CL-2219	Measuring Attribution in Natural Language Generation Models	"Hannah Rashkin, Vitaly Nikolaev, Matthew Lamm, Lora Aroyo, Michael Collins, Dipanjan Das, Slav Petrov, Gaurav Singh Tomar, Iulia Turc, David Reitter"	Natural Language Generation 1	In Person	Natural Language Generation 1	Main-Oral	Long
Session 5	2023-12-09	9:00	9:15	Central 3	1	729	729	Learning Co-Speech Gesture for Multimodal Aphasia Type Detection	"Daeun Lee,Sejung Son,Hyolim Jeon,Seungbae Kim,Jinyoung Han"	NLP Applications 1	In Person	NLP Applications 1	Main-Oral	Long
Session 5	2023-12-09	9:15	9:30	Central 3	2	1027	1027	ClimateBERT-NetZero: Detecting and Assessing Net Zero and Reduction Targets	"Tobias Schimanski,Julia Bingler,Mathias Kraus,Camilla Hyslop,Markus Leippold"	NLP Applications 1	In Person	NLP Applications 1	Main-Oral	Long
Session 5	2023-12-09	9:30	9:45	Central 3	3	201	201	Advancements in Arabic Grammatical Error Detection and Correction: An Empirical Investigation	"Bashar Alhafni,Go Inoue,Christian Khairallah,Nizar Habash"	NLP Applications 1	In Person	NLP Applications 1	Main-Oral	Long
Session 5	2023-12-09	9:45	10:00	Central 3	4	1376	1376	Detection of Multiple Mental Disorders from Social Media with Two-Stream Psychiatric Experts	"Siyuan Chen,Zhiling Zhang,Mengyue Wu,Kenny Q. Zhu"	NLP Applications 1	In Person	NLP Applications 1	Main-Oral	Long
Session 5	2023-12-09	10:00	10:15	Central 3	5	1614	1614	Event-Location Tracking in Narratives: A Case Study on Holocaust Testimonies	"Eitan Wagner,Renana Keydar,Omri Abend"	NLP Applications 1	In Person	NLP Applications 1	Main-Oral	Long
Session 5	2023-12-09	10:15	10:30	Central 3	6	1857	1857	Learning the Visualness of Text Using Large Vision-Language Models	"Gaurav Verma,Ryan A. Rossi,Christopher Tensmeyer,Jiuxiang Gu,Ani Nenkova"	NLP Applications 1	In Person	NLP Applications 1	Main-Oral	Long
Session 5	2023-12-09	9:00	9:15	West 1	1	591	591	Fighting Fire with Fire: The Dual Role of LLMs in Crafting and Detecting Elusive Disinformation	"Jason S Lucas,Adaku Uchendu,Michiharu Yamashita,Jooyoung Lee,Shaurya Rohatgi,Dongwon Lee"	Theme Track: Large Language Models and the Future of NLP 1	In Person	Theme Track: Large Language Models and the Future of NLP 1	Main-Oral	Long
Session 5	2023-12-09	9:15	9:30	West 1	2	988	988	Reasoning with Language Model is Planning with World Model	"Shibo Hao,Yi Gu,Haodi Ma,Joshua Jiahua Hong,Zhen Wang,Daisy Zhe Wang,Zhiting Hu"	Theme Track: Large Language Models and the Future of NLP 1	In Person	Theme Track: Large Language Models and the Future of NLP 1	Main-Oral	Long
Session 5	2023-12-09	9:30	9:45	West 1	3	1021	1021	Stop Uploading Test Data in Plain Text: Practical Strategies for Mitigating Data Contamination by Evaluation Benchmarks	"Alon Jacovi,Avi Caciularu,Omer Goldman,Yoav Goldberg"	Theme Track: Large Language Models and the Future of NLP 1	In Person	Theme Track: Large Language Models and the Future of NLP 1	Main-Oral	Long
Session 5	2023-12-09	9:45	10:00	West 1	4	1108	1108	Prompting is not a substitute for probability measurements in large language models	"Jennifer Hu,Roger P. Levy"	Theme Track: Large Language Models and the Future of NLP 1	Virtually	Theme Track: Large Language Models and the Future of NLP 1	Main-Oral	Long
Session 5	2023-12-09	10:00	10:15	West 1	5	1400	1400	FANToM: A Benchmark for Stress-testing Machine Theory of Mind in Interactions	"Hyunwoo Kim,Melanie Sclar,Xuhui Zhou,Ronan Le Bras,Gunhee Kim,Yejin Choi,Maarten Sap"	Theme Track: Large Language Models and the Future of NLP 1	In Person	Theme Track: Large Language Models and the Future of NLP 1	Main-Oral	Long
Session 5	2023-12-09	10:15	10:30	West 1	6	1427	1427	LLMLingua: Compressing Prompts for Accelerated Inference of Large Language Models	"Huiqiang Jiang,Qianhui Wu,Chin-Yew Lin,Yuqing Yang,Lili Qiu"	Theme Track: Large Language Models and the Future of NLP 1	In Person	Theme Track: Large Language Models and the Future of NLP 1	Main-Oral	Long
Session 5	2023-12-09	9:00	9:15	West 2	1	6	6	APrompt: Attention Prompt Tuning for Efficient Adaptation of Pre-trained Language Models	"Qifan Wang,Yuning Mao,Jingang Wang,Hanchao Yu,Shaoliang Nie,Sinong Wang,Fuli Feng,Lifu Huang,Xiaojun Quan,Zenglin Xu,Dongfang Liu"	Efficient Methods for NLP 2	In Person	Efficient Methods for NLP 2	Main-Oral	Long
Session 5	2023-12-09	9:15	9:30	West 2	2	531	531	Parameter-Efficient Language Model Tuning with Active Learning in Low-Resource Settings	"Josip Jukić,Jan Snajder"	Efficient Methods for NLP 2	In Person	Efficient Methods for NLP 2	Main-Oral	Long
Session 5	2023-12-09	9:30	9:45	West 2	3	1905	1905	Merging Experts into One: Improving Computational Efficiency of Mixture of Experts	"Shwai He,Run-Ze Fan,Liang Ding,Li Shen,Tianyi Zhou,Dacheng Tao"	Efficient Methods for NLP 2	In Person	Efficient Methods for NLP 2	Main-Oral	Long
Session 5	2023-12-09	9:45	10:00	West 2	4	2175	2175	Selective Labeling: How to Radically Lower Data-Labeling Costs for Document Extraction Models	"Yichao Zhou,James Bradley Wendt,Navneet Potti,Jing Xie,Sandeep Tata"	Efficient Methods for NLP 2	In Person	Efficient Methods for NLP 2	Main-Oral	Long
Session 5	2023-12-09	10:00	10:15	West 2	5	2192	2192	Focus Your Attention (with Adaptive IIR Filters)	"Shahar Lutati,Itamar Zimerman,Lior Wolf"	Efficient Methods for NLP 2	Virtually	Efficient Methods for NLP 2	Main-Oral	Long
Session 5	2023-12-09	10:15	10:30	West 2	6	2756	2756	Let's Sample Step by Step: Adaptive-Consistency for Efficient Reasoning and Coding with LLMs	"Pranjal Aggarwal,Aman Madaan,Yiming Yang,Mausam ."	Efficient Methods for NLP 2	In Person	Efficient Methods for NLP 2	Main-Oral	Long
Session 5	2023-12-09	9:00	9:15	West 3	1	85	85	Modeling Empathic Similarity in Personal Narratives	"Jocelyn J Shen,Maarten Sap,Pedro Colon-Hernandez,Hae Won Park,Cynthia Breazeal"	Human-Centered NLP	In Person	Human-Centered NLP	Main-Oral	Long
Session 5	2023-12-09	9:15	9:30	West 3	2	1340	1340	A Diachronic Perspective on User Trust in AI under Uncertainty	"Shehzaad Zuzar Dhuliawala,Vilém Zouhar,Mennatallah El-Assady,Mrinmaya Sachan"	Human-Centered NLP	In Person	Human-Centered NLP	Main-Oral	Long
Session 5	2023-12-09	9:30	9:45	West 3	3	2653	2653	Dr ChatGPT tell me what I want to hear: How different prompts impact health answer correctness	"Bevan Koopman,Guido Zuccon"	Human-Centered NLP	In Person	Human-Centered NLP	Main-Oral	Long
Session 5	2023-12-09	9:45	10:00	West 3	4	2786	2786	Pre-Trained Language Models Augmented with Synthetic Scanpaths for Natural Language Understanding	"Shuwen Deng,Paul Prasse,David Robert Reich,Tobias Scheffer,Lena Ann Jäger"	Human-Centered NLP	In Person	Human-Centered NLP	Main-Oral	Long
Session 5	2023-12-09	10:00	10:15	West 3	5	4876	4876	Generating and Evaluating Tests for K-12 Students with Language Model Simulations: A Case Study on Sentence Reading Efficiency	"Eric Zelikman,Wanjing Anya Ma,Jasmine Elizabeth Tran,Diyi Yang,Jason D Yeatman,Nick Haber"	Human-Centered NLP	In Person	Human-Centered NLP	Main-Oral	Long
Session 5	2023-12-09	10:15	10:30	West 3	6	5606	5606	Fifty Shades of Bias: Normative Ratings of Gender Bias in GPT Generated English Text	"Rishav Hada,Agrima Seth,Harshita Diddee,Kalika Bali"	Human-Centered NLP	In Person	Human-Centered NLP	Main-Oral	Long
Session 6	2023-12-09	11:00	11:15	East	1	1988	1988	Absolute Position Embedding Learns Sinusoid-like Waves for Attention Based on Relative Position	"Yuji Yamamoto,Takuya Matsuzaki"	"Interpretability, Interactivity, and Analysis of Models for NLP 2"	In Person	"Interpretability, Interactivity, and Analysis of Models for NLP 2"	Main-Oral	Long
Session 6	2023-12-09	11:15	11:30	East	2	1997	1997	Statistical Depth for Ranking and Characterizing Transformer-Based Text Embeddings	"Parker Seegmiller,Sarah Masud Preum"	"Interpretability, Interactivity, and Analysis of Models for NLP 2"	In Person	"Interpretability, Interactivity, and Analysis of Models for NLP 2"	Main-Oral	Long
Session 6	2023-12-09	11:30	11:45	East	3	2674	2674	Explaining Interactions Between Text Spans	"Sagnik Ray Choudhury,Pepa Atanasova,Isabelle Augenstein"	"Interpretability, Interactivity, and Analysis of Models for NLP 2"	In Person	"Interpretability, Interactivity, and Analysis of Models for NLP 2"	Main-Oral	Long
Session 6	2023-12-09	11:45	12:00	East	4	2814	2814	Bridging Information-Theoretic and Geometric Compression in Language Models	"Emily Cheng,Corentin Kervadec,Marco Baroni"	"Interpretability, Interactivity, and Analysis of Models for NLP 2"	In Person	"Interpretability, Interactivity, and Analysis of Models for NLP 2"	Main-Oral	Long
Session 6	2023-12-08	12:00	12:15	East	5	3289	3289	What Comes Next? Evaluating Uncertainty in Neural Text Generators Against Human Production Variability	"Mario Giulianelli,Joris Baan,Wilker Aziz,Raquel Fernández,Barbara Plank"	"Interpretability, Interactivity, and Analysis of Models for NLP 2"	In Person	"Interpretability, Interactivity, and Analysis of Models for NLP 2"	Main-Oral	Long
Session 6	2023-12-09	12:15	12:30	East	6	4042	4042	Data Factors for Better Compositional Generalization	"Xiang Zhou,Yichen Jiang,Mohit Bansal"	"Interpretability, Interactivity, and Analysis of Models for NLP 2"	Virtually	"Interpretability, Interactivity, and Analysis of Models for NLP 2"	Main-Oral	Long
Session 6	2023-12-09	11:00	11:15	Central  1	1	3146	3146	Inverse Scaling Can Become U-Shaped	"Jason Wei,Najoung Kim,Yi Tay,Quoc V Le"	Language Modeling and Analysis of Language Models 2	In Person	Language Modeling and Analysis of Language Models 2	Main-Oral	Long
Session 6	2023-12-09	11:15	11:30	Central  1	2	3163	3163	Revisiting Instruction Fine-tuned Model Evaluation to Guide Industrial Applications	"Manuel Faysse,Gautier Viaud,CELINE HUDELOT,Pierre Colombo"	Language Modeling and Analysis of Language Models 2	In Person	Language Modeling and Analysis of Language Models 2	Main-Oral	Long
Session 6	2023-12-09	11:30	11:45	Central  1	3	5840	5840	FinGPT: Large Generative Models for a Small Language	"Risto Luukkonen,Ville Komulainen,Jouni Luoma,Anni Eskelinen,Jenna Kanerva,Hanna-Mari Kristiina Kupari,Filip Ginter,Veronika Laippala,Niklas Muennighoff,Aleksandra Piktus,Thomas Wang,Nouamane Tazi,Teven Le Scao,Thomas Wolf,Osma Suominen,Samuli Sairanen,Mikko Merioksa,Jyrki Heinonen,Aija Vahtola,Samuel Antao,Sampo Pyysalo"	Language Modeling and Analysis of Language Models 2	In Person	Language Modeling and Analysis of Language Models 2	Main-Oral	Long
Session 6	2023-12-09	11:45	12:00	Central  1	4	ARR 40	ARR-40	Consistency Analysis of ChatGPT	"Myeongjun Erik Jang,Thomas Lukasiewicz"	Language Modeling and Analysis of Language Models 2	In Person	Language Modeling and Analysis of Language Models 2	Main-Oral	Long
Session 6	2023-12-09	12:00	12:15	Central  1	5	TACL 4745	TACL-4745	How Abstract Is Linguistic Generalization in Large Language Models? Experiments with Argument Structure	"Michael Wilson, Jackson Petty, Robert Frank"	Language Modeling and Analysis of Language Models 2	Virtually	Language Modeling and Analysis of Language Models 2	Main-Oral	Long
Session 6	2023-12-09	12:15	12:30	Central  1	6	CL 2214	CL-2214	How is a “Kitchen Chair” like a “Farm Horse”? Exploring the Representation of Noun-Noun Compound Semantics in Transformer-based Language Models	"Mark Ormerod, Jesús Martínez del Rincón, Barry Devereux"	Language Modeling and Analysis of Language Models 2	In Person	Language Modeling and Analysis of Language Models 2	Main-Oral	Long
Session 6	2023-12-09	11:00	11:15	Central 3	1	2438	2438	Multilingual Large Language Models Are Not (Yet) Code-Switchers	"Ruochen Zhang,Samuel Cahyawijaya,Jan Christian Blaise Cruz,Genta Indra Winata,Alham Fikri Aji"	Multilinguality and Linguistic Diversity 2	In Person	Multilinguality and Linguistic Diversity 2	Main-Oral	Long
Session 6	2023-12-09	11:15	11:30	Central 3	2	2741	2741	Cross-lingual Prompting: Improving Zero-shot Chain-of-Thought Reasoning across Languages	"Libo Qin,Qiguang Chen,Fuxuan Wei,Shijue Huang,Wanxiang Che"	Multilinguality and Linguistic Diversity 2	Virtually	Multilinguality and Linguistic Diversity 2	Main-Oral	Long
Session 6	2023-12-09	11:30	11:45	Central 3	3	2927	2927	Investigating Bias in Multilingual Language Models: Cross-Lingual Transfer of Debiasing Techniques	"Manon Reusens,Philipp Borchert,Margot Mieskes,Jochen De Weerdt,Bart Baesens"	Multilinguality and Linguistic Diversity 2	In Person	Multilinguality and Linguistic Diversity 2	Main-Oral	Long
Session 6	2023-12-09	11:45	12:00	Central 3	4	3457	3457	FOCUS: Effective Embedding Initialization for Monolingual Specialization of Multilingual Models	"Konstantin Dobler,Gerard de Melo"	Multilinguality and Linguistic Diversity 2	In Person	Multilinguality and Linguistic Diversity 2	Main-Oral	Long
Session 6	2023-12-09	12:00	12:15	Central 3	5	4304	4304	GPTAraEval: A Comprehensive Evaluation of ChatGPT on Arabic NLP	"Md Tawkat Islam Khondaker,Abdul Waheed,El Moatez Billah Nagoudi,Muhammad Abdul-Mageed"	Multilinguality and Linguistic Diversity 2	In Person	Multilinguality and Linguistic Diversity 2	Main-Oral	Long
Session 6	2023-12-09	12:15	12:30	Central 3	6	TACL 5345	TACL-5345	Shared Lexical Items as Triggers of Code Switching	"Md Tawkat Islam Khondaker,Abdul Waheed,El Moatez Billah Nagoudi,Muhammad Abdul-Mageed"	Multilinguality and Linguistic Diversity 2	In Person	Multilinguality and Linguistic Diversity 2	Main-Oral	Long
Session 6	2023-12-09	11:00	11:15	West 1	1	1298	1298	MULTITuDE: Large-Scale Multilingual Machine-Generated Text Detection Benchmark	"Dominik Macko,Robert Moro,Adaku Uchendu,Jason S Lucas,Michiharu Yamashita,Matúš Pikuliak,Ivan Srba,Thai Le,Dongwon Lee,Jakub Simko,Maria Bielikova"	Natural Language Generation 2	In Person	Natural Language Generation 2	Main-Oral	Long
Session 6	2023-12-09	11:15	11:30	West 1	2	1577	1577	Active Learning for Natural Language Generation	"Yotam Perlitz,Ariel Gera,Michal Shmueli-Scheuer,Dafna Sheinwald,Noam Slonim,Liat Ein-Dor"	Natural Language Generation 2	In Person	Natural Language Generation 2	Main-Oral	Long
Session 6	2023-12-09	11:30	11:45	West 1	3	1983	1983	Interactive Text Generation	"Felix Faltings,Michel Galley,Kianté Brantley,Baolin Peng,Weixin Cai,Yizhe Zhang,Jianfeng Gao,Bill Dolan"	Natural Language Generation 2	Virtually	Natural Language Generation 2	Main-Oral	Long
Session 6	2023-12-09	11:45	12:00	West 1	4	2729	2729	INSTRUCTSCORE: Towards Explainable Text Generation Evaluation with Automatic Feedback	"Wenda Xu,Danqing Wang,Liangming Pan,Zhenqiao Song,Markus Freitag,William Yang Wang,Lei Li"	Natural Language Generation 2	In Person	Natural Language Generation 2	Main-Oral	Long
Session 6	2023-12-09	12:00	12:15	West 1	5	4089	4089	Pre-training Language Models for Comparative Reasoning	"Mengxia Yu,Zhihan Zhang,Wenhao Yu,Meng Jiang"	Natural Language Generation 2	In Person	Natural Language Generation 2	Main-Oral	Long
Session 6	2023-12-09	12:15	12:30	West 1	6	ARR 73	ARR-73	Composable Text Controls in Latent Space with ODEs	"Guangyi Liu,Zeyu Feng,Yuan Gao,Zichao Yang,Xiaodan Liang,Junwei Bao,Xiaodong He,Shuguang Cui,Zhen Li,Zhiting Hu"	Natural Language Generation 2	In Person	Natural Language Generation 2	Main-Oral	Long
Session 6	2023-12-09	11:00	11:15	West 2	1	940	940	Compressing and Debiasing Vision-Language Pre-Trained Models for Visual Question Answering	"Qingyi Si,Yuanxin Liu,Zheng Lin,Peng Fu,Yanan Cao,Weiping Wang"	Question Answering	In Person	Question Answering	Main-Oral	Long
Session 6	2023-12-09	11:15	11:30	West 2	2	1157	1157	Merging Generated and Retrieved Knowledge for Open-Domain QA	"Yunxiang Zhang,Muhammad Khalifa,Lajanugen Logeswaran,Moontae Lee,Honglak Lee,Lu Wang"	Question Answering	Virtually	Question Answering	Main-Oral	Long
Session 6	2023-12-09	11:30	11:45	West 2	3	2978	2978	Diversity Enhanced Narrative Question Generation for Storybooks	"Hokeun Yoon,JinYeong Bak"	Question Answering	In Person	Question Answering	Main-Oral	Long
Session 6	2023-12-09	11:45	12:00	West 2	4	4458	4458	The Art of SOCRATIC QUESTIONING: Recursive Thinking with Large Language Models	"Jingyuan Qi,Zhiyang Xu,Ying Shen,Minqian Liu,Di Jin,Qifan Wang,Lifu Huang"	Question Answering	In Person	Question Answering	Main-Oral	Long
Session 6	2023-12-08	12:00	12:15	West 2	5	5481	5481	Once Upon a ${\it Time}$ in ${\it Graph}$: Relative-Time Pretraining for Complex Temporal Reasoning	"Sen Yang,Xin Li,Lidong Bing,Wai Lam"	Question Answering	In Person	Question Answering	Main-Oral	Long
Session 6	2023-12-09	12:15	12:30	West 2	6	TACL 4251	TACL-4251	On the Robustness of Dialogue History Representation in Conversational Question Answering: A Comprehensive Study and a New Prompt-based Method	"Roi Reichart, Zorik Gekhman, Nadav Oved, Orgad Keller, Idan Szpektor"	Question Answering	In Person	Question Answering	Main-Oral	Long
Session 6	2023-12-09	11:00	11:15	West 3	1	947	947	HaluEval: A Large-Scale Hallucination Evaluation Benchmark for Large Language Models	"Junyi Li,Xiaoxue Cheng,Xin Zhao,Jian-Yun Nie,Ji-Rong Wen"	Resources and Evaluation 1	In Person	Resources and Evaluation 1	Main-Oral	Long
Session 6	2023-12-09	11:15	11:30	West 3	2	1637	1637	TRIGO: Benchmarking Formal Mathematical Proof Reduction for Generative Language Models	"Jing Xiong,Jianhao Shen,Ye Yuan,Haiming Wang,Yichun Yin,Zhengying Liu,Lin Li,Zhijiang Guo,Qingxing Cao,Yinya Huang,Chuanyang Zheng,Xiaodan Liang,Ming Zhang,Qun Liu"	Resources and Evaluation 1	In Person	Resources and Evaluation 1	Main-Oral	Long
Session 6	2023-12-09	11:30	11:45	West 3	3	1940	1940	BanglaAbuseMeme: A Dataset for Bengali Abusive Meme Classification	"Mithun Das,Animesh Mukherjee"	Resources and Evaluation 1	In Person	Resources and Evaluation 1	Main-Oral	Long
Session 6	2023-12-09	11:45	12:00	West 3	4	3558	3558	IDTraffickers: An Authorship Attribution Dataset to link and connect Potential Human-Trafficking Operations on Text Escort Advertisements	"Vageesh Kumar Saxena,Benjamin Ashpole,Gijs van Dijck,Gerasimos Spanakis"	Resources and Evaluation 1	In Person	Resources and Evaluation 1	Main-Oral	Long
Session 6	2023-12-08	12:00	12:15	West 3	5	3665	3665	This is not a Dataset: A Large Negation Benchmark to Challenge Large Language Models	"Iker García-Ferrero,Begoña Altuna,Javier Alvez,Itziar Gonzalez-Dios,German Rigau"	Resources and Evaluation 1	In Person	Resources and Evaluation 1	Main-Oral	Long
Session 6	2023-12-09	12:15	12:30	West 3	6	4017	4017	You Told Me That Joke Twice: A Systematic Investigation of Transferability and Robustness of Humor Detection Models	"Alexander Baranov,Vladimir Kniazhevsky,Pavel Braslavski"	Resources and Evaluation 1	In Person	Resources and Evaluation 1	Main-Oral	Long
Session 9	2023-12-10	9:00	9:15	East	1	99	99	WiCE: Real-World Entailment for Claims in Wikipedia	"Ryo Kamoi,Tanya Goyal,Juan Diego Rodriguez,Greg Durrett"	Semantics 1	In Person	Semantics 1	Main-Oral	Long
Session 9	2023-12-10	9:15	9:30	East	2	730	730	Understanding Computational Models of Semantic Change: New Insights from the Speech Community	"Filip Miletic,Anne PRZEWOZNY,Ludovic Tanguy"	Semantics 1	In Person	Semantics 1	Main-Oral	Long
Session 9	2023-12-10	9:30	9:45	East	3	1070	1070	What do Deck Chairs and Sun Hats Have in Common? Uncovering Shared Properties in Large Concept Vocabularies	"Amit Gajbhiye,Zied Bouraoui,Na Li,Usashi Chatterjee,Luis Espinosa-Anke,Steven Schockaert"	Semantics 1	In Person	Semantics 1	Main-Oral	Long
Session 9	2023-12-10	9:45	10:00	East	4	1523	1523	AdaSent: Efficient Domain-Adapted Sentence Embeddings for Few-Shot Classification	"Yongxin Huang,Kexin Wang,Sourav Dutta,Raj Nath Patel,Goran Glavaš,Iryna Gurevych"	Semantics 1	In Person	Semantics 1	Main-Oral	Long
Session 9	2023-12-10	10:00	10:15	East	5	1619	1619	Ditto: A Simple and Efficient Approach to Improve Sentence Embeddings	"Qian Chen,Wen Wang,Qinglin Zhang,Siqi Zheng,Chong Deng,Hai Yu,Jiaqing Liu,Yukun Ma,Chong Zhang"	Semantics 1	In Person	Semantics 1	Main-Oral	Long
Session 9	2023-12-10	10:15	10:30	East	6	1655	1655	Connecting degree and polarity: An artificial language learning study	"Lisa Bylinina,Alexey Tikhonov,Ekaterina Garmash"	Semantics 1	Virtually	Semantics 1	Main-Oral	Long
Session 9	2023-12-10	9:00	9:15	Central  1	1	3103	3103	Argument-based Detection and Classification of Fallacies in Political Debates	"Pierpaolo Goffredo,Mariana Chaves Espinoza,Serena Villata,Elena Cabrio"	Sentiment or Stylistic Analysis	In Person	Sentiment or Stylistic Analysis	Main-Oral	Long
Session 9	2023-12-10	9:15	9:30	Central  1	2	3474	3474	Why Should This Article Be Deleted? Transparent Stance Detection in Multilingual Wikipedia Editor Discussions	"Lucie-Aimée Kaffee,Arnav Arora,Isabelle Augenstein"	Sentiment or Stylistic Analysis	In Person	Sentiment or Stylistic Analysis	Main-Oral	Long
Session 9	2023-12-10	9:30	9:45	Central  1	3	4220	4220	Identification of Multimodal Stance Towards Frames of Communication	"Maxwell Weinzierl,Sanda Harabagiu"	Sentiment or Stylistic Analysis	In Person	Sentiment or Stylistic Analysis	Main-Oral	Long
Session 9	2023-12-10	9:45	10:00	Central  1	4	5813	5813	"EXPLAIN, EDIT, GENERATE: Rationale-Sensitive Counterfactual Data Augmentation for Multi-hop Fact Verification"	"Yingjie Zhu,Jiasheng Si,Yibo Zhao,Haiyang Zhu,Deyu Zhou,Yulan He"	Sentiment or Stylistic Analysis	Virtually	Sentiment or Stylistic Analysis	Main-Oral	Long
Session 9	2023-12-10	10:00	10:15	Central  1	5	ARR 35	ARR-35	Joyful: Joint Modality Fusion and Graph Contrastive Learning for Multimodal Emotion Recognition	"Dongyuan Li,Yusong Wang,Kotaro Funakoshi,Manabu Okumura"	Sentiment or Stylistic Analysis	In Person	Sentiment or Stylistic Analysis	Main-Oral	Long
Session 9	2023-12-10	10:15	10:30	Central  1	6	TACL 5067	TACL-5067	Can Authorship Representation Learning Capture Stylistic Features?	"Nicholas Oliver Andrews, Andrew Wang, Cristina Aggazzotti, Rebecca Kotula, Rafael Rivera-Soto, Marcus Bishop"	Sentiment or Stylistic Analysis	In Person	Sentiment or Stylistic Analysis	Main-Oral	Long
Session 9	2023-12-10	9:00	9:15	Central 3	1	232	232	A Video Is Worth 4096 Tokens: Verbalize Story Videos To Understand Them In Zero Shot	"Aanisha Bhattacharyya,Yaman K Singla,Balaji Krishnamurthy,Rajiv Ratn Shah,Changyou Chen"	Speech & Multimodality 1	In Person	Speech & Multimodality 1	Main-Oral	Long
Session 9	2023-12-10	9:15	9:30	Central 3	2	1133	1133	Balance Act: Mitigating Hubness in Cross-Modal Retrieval with Query and Gallery Banks	"Yimu Wang,Xiangru Jian,Bo Xue"	Speech & Multimodality 1	In Person	Speech & Multimodality 1	Main-Oral	Long
Session 9	2023-12-10	9:30	9:45	Central 3	3	1574	1574	Three Stream Based Multi-level Event Contrastive Learning for Text-Video Event Extraction	"Jiaqi Li,Chuanyi Zhang,Miaozeng Du,Dehai Min,Yongrui Chen,Guilin Qi"	Speech & Multimodality 1	In Person	Speech & Multimodality 1	Main-Oral	Long
Session 9	2023-12-10	9:45	10:00	Central 3	4	1698	1698	Reading Order Matters: Information Extraction from Visually-rich Documents by Token Path Prediction	"Chong Zhang,Ya Guo,Yi Tu,Huan Chen,Jinyang Tang,Huijia Zhu,Qi Zhang,Tao Gui"	Speech & Multimodality 1	In Person	Speech & Multimodality 1	Main-Oral	Long
Session 9	2023-12-10	10:00	10:15	Central 3	5	2069	2069	MultiTurnCleanup: A Benchmark for Multi-Turn Spoken Conversational Transcript Cleanup	"Hua Shen,Vicky Zayats,Johann C Rocholl,Daniel David Walker,Dirk Padfield"	Speech & Multimodality 1	In Person	Speech & Multimodality 1	Main-Oral	Long
Session 9	2023-12-10	10:15	10:30	Central 3	6	2849	2849	Large Language Models and Multimodal Retrieval for Visual Word Sense Disambiguation	"Anastasia Kritharoula,Maria Lymperaiou,Giorgos Stamou"	Speech & Multimodality 1	In Person	Speech & Multimodality 1	Main-Oral	Long
Session 9	2023-12-10	9:00	9:15	West 1	1	218	218	Instructive Dialogue Summarization with Query Aggregations	"Bin Wang,Zhengyuan Liu,Nancy F. Chen"	Summarization	In Person	Summarization	Main-Oral	Long
Session 9	2023-12-10	9:15	9:30	West 1	2	412	412	Investigating Efficiently Extending Transformers for Long Input Summarization	"Jason Phang,Yao Zhao,Peter J Liu"	Summarization	In Person	Summarization	Main-Oral	Long
Session 9	2023-12-10	9:30	9:45	West 1	3	1369	1369	Zero-shot Faithfulness Evaluation for Text Summarization with Foundation Language Model	"Qi Jia,Siyu Ren,Yizhu Liu,Kenny Q. Zhu"	Summarization	In Person	Summarization	Main-Oral	Long
Session 9	2023-12-10	9:45	10:00	West 1	4	3409	3409	Indicative Summarization of Long Discussions	"Shahbaz Syed,Dominik Schwabe,Khalid Al Khatib,Martin Potthast"	Summarization	In Person	Summarization	Main-Oral	Long
Session 9	2023-12-10	10:00	10:15	West 1	5	4176	4176	Promoting Topic Coherence and Inter-Document Consorts in Multi-Document Summarization via Simplicial Complex and Sheaf Graph	"Yash Kumar Atri,Arun Iyer,Tanmoy Chakraborty,Vikram Goyal"	Summarization	In Person	Summarization	Main-Oral	Long
Session 9	2023-12-10	10:15	10:30	West 1	6	ARR 16	ARR-16	Length Does Matter: Summary Length can Bias Summarization Metrics	"Xiaobo Guo,Soroush Vosoughi"	Summarization	In Person	Summarization	Main-Oral	Long
Session 9	2023-12-10	9:00	9:15	West 2	1	27	27	Explicit Planning Helps Language Models in Logical Reasoning	"Hongyu Zhao,Kangrui Wang,Mo Yu,Hongyuan Mei"	Machine Learning for NLP	In Person	Machine Learning for NLP	Main-Oral	Long
Session 9	2023-12-10	9:15	9:30	West 2	2	516	516	Where to start? Analyzing the potential value of intermediate models	"Leshem Choshen,Elad Venezian,Shachar Don-Yehiya,Noam Slonim,Yoav Katz"	Machine Learning for NLP	In Person	Machine Learning for NLP	Main-Oral	Long
Session 9	2023-12-10	9:30	9:45	West 2	3	2804	2804	Fair Text Classification with Wasserstein Independence	"Thibaud Leteno,Antoine Gourru,Charlotte Laclau,Rémi Emonet,Christophe Gravier"	Machine Learning for NLP	In Person	Machine Learning for NLP	Main-Oral	Long
Session 9	2023-12-10	9:45	10:00	West 2	4	3302	3302	Improving Bias Mitigation through Bias Experts in Natural Language Understanding	"Eojin Jeon,Mingyu Lee,Juhyeong Park,Yeachan Kim,Wing-Lam Mok,SangKeun Lee"	Machine Learning for NLP	In Person	Machine Learning for NLP	Main-Oral	Long
Session 9	2023-12-10	10:00	10:15	West 2	5	4253	4253	DSI++: Updating Transformer Memory with New Documents	"Sanket Vaibhav Mehta,Jai Gupta,Yi Tay,Mostafa Dehghani,Vinh Q. Tran,Jinfeng Rao,Marc Najork,Emma Strubell,Donald Metzler"	Machine Learning for NLP	In Person	Machine Learning for NLP	Main-Oral	Long
Session 9	2023-12-10	10:15	10:30	West 2	6	TACL 4737	TACL-4737	Translate-and-Test Transfer Learning for Cross-Lingual Text Classification	"Inigo Jauregi Unanue, Gholamreza Haffari, Massimo Piccardi"	Machine Learning for NLP	In Person	Machine Learning for NLP	Main-Oral	Long
Session 9	2023-12-10	9:00	9:15	West 3	1	305	305	Order-Theoretic Structured Prediction: Partially Ordering Tokens within a String	"Tianyu Liu,Afra Amini,Mrinmaya Sachan,Ryan Cotterell"	"Syntax, Parsing and their Applications"	In Person	"Syntax, Parsing and their Applications"	Main-Oral	Long
Session 9	2023-12-10	9:15	9:30	West 3	2	1554	1554	4 and 7-bit Labeling for Projective and Non-Projective Dependency Trees	"Carlos Gómez-Rodríguez,Diego Roca,David Vilares"	"Syntax, Parsing and their Applications"	In Person	"Syntax, Parsing and their Applications"	Main-Oral	Long
Session 9	2023-12-10	9:30	9:45	West 3	3	2568	2568	Syntactic Substitutability as Unsupervised Dependency Syntax	"Jasper Jian,Siva Reddy"	"Syntax, Parsing and their Applications"	In Person	"Syntax, Parsing and their Applications"	Main-Oral	Long
Session 9	2023-12-10	9:45	10:00	West 3	4	3030	3030	Structural generalization in COGS: Supertagging is (almost) all you need	"Alban Petit,Caio Filippo Corro,François Yvon"	"Syntax, Parsing and their Applications"	In Person	"Syntax, Parsing and their Applications"	Main-Oral	Long
Session 9	2023-12-10	10:00	10:15	West 3	5	3392	3392	CoRec: An Easy Approach for Coordination Recognition	"Qing Wang,Haojie Jia,Wenfei Song,Qi Li"	"Syntax, Parsing and their Applications"	In Person	"Syntax, Parsing and their Applications"	Main-Oral	Long
Session 9	2023-12-10	10:15	10:30	West 3	6	5475	5475	LLM-enhanced Self-training for Cross-domain Constituency Parsing	"jianling li,Meishan Zhang,Peiming Guo,Min Zhang,Yue Zhang"	"Syntax, Parsing and their Applications"	In Person	"Syntax, Parsing and their Applications"	Main-Oral	Long
Session 10	2023-12-10	11:00	11:15	East	1	1999	1999	UniMath: A Foundational and Multimodal Mathematical Reasoner	"Zhenwen Liang,Tianyu Yang,Jipeng Zhang,Xiangliang Zhang"	NLP Applications 2	In Person	NLP Applications 2	Main-Oral	Long
Session 10	2023-12-10	11:15	11:30	East	2	2084	2084	Predictive Chemistry Augmented with Text Retrieval	"Yujie Qian,Zhening Li,Zhengkai Tu,Connor W. Coley,Regina Barzilay"	NLP Applications 2	Virtually	NLP Applications 2	Main-Oral	Long
Session 10	2023-12-10	11:30	11:45	East	3	2910	2910	Precedent-Enhanced Legal Judgment Prediction with LLM and Domain-Model Collaboration	"Yiquan Wu,Siying Zhou,Yifei Liu,Weiming Lu,Xiaozhong Liu,Yating Zhang,Changlong Sun,Fei Wu,Kun Kuang"	NLP Applications 2	In Person	NLP Applications 2	Main-Oral	Long
Session 10	2023-12-10	11:45	12:00	East	4	4844	4844	Hidding the Ghostwriters: An Adversarial Evaluation of AI-Generated Student Essay Detection	"Xinlin Peng,Ying Zhou,Ben He,Le Sun,Yingfei Sun"	NLP Applications 2	In Person	NLP Applications 2	Main-Oral	Long
Session 10	2023-12-10	12:00	12:15	East	5	5077	5077	Analyzing Norm Violations in Live-Stream Chat	"Jihyung Moon,Dong-Ho Lee,Hyundong Justin Cho,Woojeong Jin,Chan Young Park,Minwoo Kim,Jonathan May,Jay Pujara,Sungjoon Park"	NLP Applications 2	In Person	NLP Applications 2	Main-Oral	Long
Session 10	2023-12-10	12:15	12:30	East	6	ARR 116	ARR-116	ALCAP: Alignment-Augmented Music Captioner	"Zihao He,Weituo Hao,Wei-Tsung Lu,Changyou Chen,Kristina Lerman,Xuchen Song"	NLP Applications 2	Virtually	NLP Applications 2	Main-Oral	Long
Session 10	2023-12-10	11:00	11:15	Central  1	1	4061	4061	Unveiling the Essence of Poetry: Introducing a Comprehensive Dataset and Benchmark for Poem Summarization	"Ridwan Mahbub,Ifrad Towhid Khan,Samiha Shafiq Anuva,Md Shihab Shahriar,Md Tahmid Rahman Laskar,Sabbir Ahmed"	Resources and Evaluation 2	In Person	Resources and Evaluation 2	Main-Oral	Long
Session 10	2023-12-10	11:15	11:30	Central  1	2	4772	4772	Do LLMs Understand Social Knowledge? Evaluating the Sociability of Large Language Models with SocKET Benchmark	"Minje Choi,Jiaxin Pei,Sagar Kumar,Chang Shu,David Jurgens"	Resources and Evaluation 2	In Person	Resources and Evaluation 2	Main-Oral	Long
Session 10	2023-12-10	11:30	11:45	Central  1	3	4935	4935	It Ain't Over: A Multi-aspect Diverse Math Word Problem Dataset	"Jiwoo Kim,Youngbin Kim,Ilwoong Baek,JinYeong Bak,Jongwuk Lee"	Resources and Evaluation 2	In Person	Resources and Evaluation 2	Main-Oral	Long
Session 10	2023-12-10	11:45	12:00	Central  1	4	5149	5149	Syllogistic Reasoning for Legal Judgment Analysis	"Wentao Deng,Jiahuan Pei,Keyi Kong,Zhe Chen,Furu Wei,Yujun Li,Zhaochun Ren,Zhumin Chen,Pengjie Ren"	Resources and Evaluation 2	In Person	Resources and Evaluation 2	Main-Oral	Long
Session 10	2023-12-10	12:00	12:15	Central  1	5	5195	5195	TempTabQA: Temporal Question Answering for Semi-Structured Tables	"Vivek Gupta,Pranshu Kandoi,Mahek Bhavesh Vora,Shuo Zhang,Yujie He,Ridho Reinanda,Vivek Srikumar"	Resources and Evaluation 2	Virtually	Resources and Evaluation 2	Main-Oral	Long
Session 10	2023-12-10	12:15	12:30	Central  1	6	ARR 60	ARR-60	Multilingual Previously Fact-Checked Claim Retrieval	"Matúš Pikuliak,Ivan Srba,Robert Moro,Timo Hromadka,Timotej Smoleň,Martin Melišek,Ivan Vykopal,Jakub Simko,Juraj Podroužek,Maria Bielikova"	Resources and Evaluation 2	In Person	Resources and Evaluation 2	Main-Oral	Long
Session 10	2023-12-10	11:00	11:15	Central 3	1	1644	1644	On Bilingual Lexicon Induction with Large Language Models	"Yaoyiran Li,Anna Korhonen,Ivan Vulić"	Semantics 2	In Person	Semantics 2	Main-Oral	Long
Session 10	2023-12-10	11:15	11:30	Central 3	2	1678	1678	Random Entity Quantization for Parameter-Efficient Compositional Knowledge Graph Representation	"Jiaang Li,Quan Wang,Yi Liu,Licheng Zhang,Zhendong Mao"	Semantics 2	In Person	Semantics 2	Main-Oral	Long
Session 10	2023-12-10	11:30	11:45	Central 3	3	2017	2017	Systematic word meta-sense extension	Lei Yu	Semantics 2	In Person	Semantics 2	Main-Oral	Long
Session 10	2023-12-10	11:45	12:00	Central 3	4	4413	4413	Pragmatic Reasoning Unlocks Quantifier Semantics for Foundation Models	"Yiyuan Li,Rakesh R Menon,Sayan Ghosh,Shashank Srivastava"	Semantics 2	In Person	Semantics 2	Main-Oral	Long
Session 10	2023-12-10	12:00	12:15	Central 3	5	4583	4583	Non-Programmers Can Label Programs Indirectly via Active Examples: A Case Study with Text-to-SQL	"Ruiqi Zhong,Charlie Victor Snell,Dan Klein,Jason Eisner"	Semantics 2	Virtually	Semantics 2	Main-Oral	Long
Session 10	2023-12-10	12:15	12:30	Central 3	6	4658	4658	Improving Language Models’ Meaning Understanding and Consistency by Learning Conceptual Roles from Dictionary	"Myeongjun Erik Jang,Thomas Lukasiewicz"	Semantics 2	In Person	Semantics 2	Main-Oral	Long
Session 10	2023-12-10	11:00	11:15	West 1	1	3433	3433	Rethinking and Improving Multi-task Learning for End-to-end Speech Translation	"Yuhao Zhang,Chen Xu,Bei Li,Hao Chen,Tong Xiao,Chunliang Zhang,JingBo Zhu"	Speech & Multimodality 2	In Person	Speech & Multimodality 2	Main-Oral	Long
Session 10	2023-12-10	11:15	11:30	West 1	2	3606	3606	Unsupervised Sounding Pixel Learning	"Yining Zhang,Yanli Ji,Yang Yang"	Speech & Multimodality 2	Virtually	Speech & Multimodality 2	Main-Oral	Long
Session 10	2023-12-10	11:30	11:45	West 1	3	3809	3809	Homophone Disambiguation Reveals Patterns of Context Mixing in Speech Transformers	"Hosein Mohebbi,Grzegorz Chrupała,Willem Zuidema,Afra Alishahi"	Speech & Multimodality 2	In Person	Speech & Multimodality 2	Main-Oral	Long
Session 10	2023-12-10	11:45	12:00	West 1	4	4032	4032	Whispering LLaMA: A Cross-Modal Generative Error Correction Framework for Speech Recognition	"Srijith Radhakrishnan,Chao-Han Huck Yang,Sumeer Ahmad Khan,Rohit Kumar,Narsis A. Kiani,David Gomez-Cabrero,Jesper Tegnér"	Speech & Multimodality 2	In Person	Speech & Multimodality 2	Main-Oral	Long
Session 10	2023-12-10	12:00	12:15	West 1	5	5074	5074	Conversation Understanding using Relational Temporal Graph Neural Networks with Auxiliary Cross-Modality Interaction	"Cam Van Thi Nguyen,Tuan Anh Mai,Son Le The,Dang Hai Kieu,Duc-Trong Le"	Speech & Multimodality 2	In Person	Speech & Multimodality 2	Main-Oral	Long
Session 10	2023-12-10	12:15	12:30	West 1	6	TACL 4275	TACL-4275	Visual Spatial Reasoning	"Fangyu Liu, Guy Emerson, Nigel Collier"	Speech & Multimodality 2	In Person	Speech & Multimodality 2	Main-Oral	Long
Session 10	2023-12-10	11:00	11:15	West 2	1	1646	1646	Lion: Adversarial Distillation of Proprietary Large Language Models	"Yuxin Jiang,Chunkit Chan,Mingyang Chen,Wei Wang"	Theme Track: Large Language Models and the Future of NLP 2	In Person	Theme Track: Large Language Models and the Future of NLP 2	Main-Oral	Long
Session 10	2023-12-10	11:15	11:30	West 2	2	1856	1856	EpiK-Eval: Evaluation for Language Models as Epistemic Models	"Gabriele Prato,Jerry Huang,Prasanna Parthasarathi,Shagun Sodhani,Sarath Chandar"	Theme Track: Large Language Models and the Future of NLP 2	In Person	Theme Track: Large Language Models and the Future of NLP 2	Main-Oral	Long
Session 10	2023-12-10	11:30	11:45	West 2	3	2155	2155	"To Build Our Future, We Must Know Our Past: Contextualizing Paradigm Shifts in Natural Language Processing"	"Sireesh Gururaja,Amanda Bertsch,Clara Na,David Gray Widder,Emma Strubell"	Theme Track: Large Language Models and the Future of NLP 2	In Person	Theme Track: Large Language Models and the Future of NLP 2	Main-Oral	Long
Session 10	2023-12-10	11:45	12:00	West 2	4	2787	2787	Large Language Models: The Need for Nuance in Current Debates and a Pragmatic Perspective on Understanding	"Bram Van Dijk,Tom Kouwenhoven,Marco Spruit,Max Johannes van Duijn"	Theme Track: Large Language Models and the Future of NLP 2	Virtually	Theme Track: Large Language Models and the Future of NLP 2	Main-Oral	Long
Session 10	2023-12-10	12:00	12:15	West 2	5	3678	3678	FreeAL: Towards Human-Free Active Learning in the Era of Large Language Models	"Ruixuan Xiao,Yiwen Dong,Junbo Zhao,Runze Wu,Minmin Lin,Gang Chen,Haobo Wang"	Theme Track: Large Language Models and the Future of NLP 2	In Person	Theme Track: Large Language Models and the Future of NLP 2	Main-Oral	Long
Session 10	2023-12-10	12:15	12:30	West 2	6	3978	3978	Large Language Models Only Pass Primary School Exams in Indonesia: A Comprehensive Test on IndoMMLU	"Fajri Koto,Nurul Aisyah,Haonan Li,Timothy Baldwin"	Theme Track: Large Language Models and the Future of NLP 2	In Person	Theme Track: Large Language Models and the Future of NLP 2	Main-Oral	Long
Session 10	2023-12-10	11:00	11:15	West 3	1	INDUSTRY 171	INDUSTRY-171	"Self-Criticism: Aligning Large Language Models with their Understanding of Helpfulness, Honesty, and Harmlessness"	"Xiaoyu Tan, Shaojie Shi, Xihe Qiu, Chao Qu, Zhenting Qi, Yinghui Xu and Yuan Qi"	Industry track	In person	Industry track	Main-Oral	Long
Session 10	2023-12-10	11:15	11:30	West 3	2	INDUSTRY 134	INDUSTRY-134	PILLOW: Enhancing Efficient Instruction Fine-tuning via Prompt Matching	"Zhenting Qi, Xiaoyu Tan, Shaojie Shi, Chao Qu, Yinghui Xu and Yuan Qi"	Industry track	In person	Industry track	Main-Oral	Long
Session 10	2023-12-10	11:30	11:45	West 3	3	INDUSTRY 73	INDUSTRY-73	Lattice Path Edit Distance: A Romanization-aware Edit Distance for Extracting Misspelling-Correction Pairs from Japanese Search Query Logs	Nobuhiro Kaji	Industry track	In person	Industry track	Main-Oral	Long
Session 10	2023-12-10	11:45	12:00	West 3	4	INDUSTRY 184	INDUSTRY-184	LLM4Vis: Explainable Visualization Recommendation using ChatGPT	"Lei Wang, Songheng Zhang, Yun Wang, Ee-Peng Lim and Yong Wang"	Industry track	Virtually	Industry track	Main-Oral	Long
Session 10	2023-12-10	12:00	12:15	West 3	5	INDUSTRY 29	INDUSTRY-29	A Pretrained Language Model for Cyber Threat Intelligence	Youngja Park and Weiqiu You	Industry track	Virtually	Industry track	Main-Oral	Long
Session 10	2023-12-10	12:15	12:30	West 3	6	INDUSTRY 148	INDUSTRY-148	Investigating the Role and Impact of Disfluency on Summarization	"Varun Nathan, Ayush Kumar and Jithendra Vepa"	Industry track	Virtually	Industry track	Main-Oral	Long
